<?xml version="1.0" encoding="UTF-8"?>
<languages>
	<!-- English -->
	<language name="en_UK" >
		<string key="Loading..." value="Loading..." />
		
		<!--  Game  -->
		<string key="Points" value="Points" />
		<string key="Time left" value="Time left" />
		<string key="Hint" value="Hint" />
		<string key="Reset" value="Reset" />
		<string key="Exit" value="Exit" />
		<string key="Turn off music" value="Turn off music" />
		<string key="Turn on music" value="Turn on music" />
		<string key="Best scores" value="Best scores" />
		<string key="You're top 5! Enter your name" value="You're top 5! Enter your name" />
		
		<!--  Menu  -->
		<string key="Timetrial mode" value="Timetrial mode" />
		<string key="How to play" value="How to play" />
		<string key="Exit" value="Exit" />
		
		<!--  How to play  -->
		<string key="help_text" value="The objective of the game is to swap one gem with an adjacent gem to form a horizontal or vertical chain of three or more gems.&lt;br /&gt;&lt;br /&gt;Click the first gem and then click the gem you want to swap it with. If the movement is correct, they will swap and the chained gems will disappear.&lt;br /&gt;&lt;br /&gt;Bonus points are given when more than three identical gems are formed. Sometimes chain reactions, called cascades, are triggered, where chains are formed by the falling gems. Cascades are awarded with bonus points." />
	</language>
	
	<!-- Spanish -->
	<language name="es_ES" >
		<string key="Loading..." value="Cargando..." />
		
		<!-- Game -->
		<string key="Points" value="Puntos" />
		<string key="Time left" value="Tiempo" />
		<string key="Hint" value="Pista" />
		<string key="Reset" value="Reiniciar" />
		<string key="Exit" value="Salir" />
		<string key="Turn off music" value="Música off" />
		<string key="Turn on music" value="Música on" />
		<string key="Best scores" value="Mejores puntuaciones" />
		<string key="You're top 5! Enter your name" value="!Estás en el top 5! Escribe tu nombre" />
		
		<!--  Menu  -->
		<string key="Timetrial mode" value="Contrarreloj" />
		<string key="How to play" value="¿Cómo jugar?" />
		<string key="Exit" value="Salir" />
		
		<!--  How to play  -->
		<string key="help_text" value="El objetivo del juego es intercambiar una gema con otra adyacente para formar una cadena vertical u horizontal de tres o más gemas.&lt;br /&gt;&lt;br /&gt;Pulsa sobre la primera gema y luego sobre la segunda si quieres intercambiarlas. Si el movimiento es correcto, se intercambiarán y desaparecerán.&lt;br /&gt;&lt;br /&gt;Se consiguen bonificaciones cuando se encadenan más de tres gemas iguales. A veces se producen reacciones en cadenas llamadas cascadas las cuales reciben puntos extra." />
	</language>
	
		<!-- German -->
	<language name="de_DE" >
		<string key="Loading..." value="Laden..." />

		<!--  Game  -->
		<string key="Points" value="Punkte" />
		<string key="Time left" value="Restzeit" />
		<string key="Hint" value="Tipp" />
		<string key="Reset" value="Neustart" />
		<string key="Exit" value="Beenden" />
		<string key="Turn off music" value="Musik aus" />
		<string key="Turn on music" value="Musik an" />
		<string key="Best scores" value="Top Punkte" />
		<string key="You're top 5! Enter your name" value="Du bist unter den Top 5! Gib Deinen Namen ein" />

		<!--  Menu  -->
		<string key="Timetrial mode" value="Spiel gegen die Zeit" />
		<string key="How to play" value="Anleitung" />
		<string key="Exit" value="Beenden" />

		<!--  How to play  -->
		<string key="help_text" value="Das Ziel des Spiels ist es, ein Juwel mit einem benachbarten Juwel zu tauschen, um eine horizontale oder vertikale Kette von drei oder mehr Juwelen zu bilden.&lt;br /&gt;&lt;br /&gt;Klicke das erste Juwel an und dann das Juwel, mit dem Du das erste Juwel tauschen m�chtest. Wenn der Zug erlaubt ist, werden die beiden Juwelen getauscht und die aneinander gereihten Juwelen verschwinden.&lt;br /&gt;&lt;br /&gt;Wenn mehr als drei gleiche Juwelen aneinander gereiht werden, gibt es Bonus Punkte. Manchmal entstehen Kettenreaktionen - so genannte Kaskaden, wenn fallende Juwelen wieder Ketten bilden. Kaskaden werden mit Bonus Punkten belohnt." />
	</language>
</languages>